[{"date":"2023-06-20T21:54:05Z","isHighlighted":false,"isExpanded":false,"reason":"Hayat kurtarmak, ışık yaymak, bir kahraman olmak için 🦸","text":"Jim Rohn\u0027un metodolojisini en az 3 kişiye öğretmek ☀️","time":"1","isChecked":false,"who":"Umursayan, yardım eden, koşulsuz seven biri ♥️"},{"date":"2023-06-20T22:01:22Z","isHighlighted":false,"isExpanded":false,"reason":"Bize teşekkür etmek, başkalarının Anahtarı kolayca bulmasına yardımcı olmak için 🗝️","text":"Uygulamayı değerlendirmek 🤗","time":"1","isChecked":false,"who":"Minnettar, değişimin bir parçası olan biri 🌄"},{"date":"2023-06-21T00:33:59Z","isHighlighted":false,"isExpanded":false,"reason":"Çünkü iç güç aşktan gelir ve sonsuz aşk aileden gelir, aile hedefleri aile mutluluğu yaratır, ayrıca aile hedefleri kişisel hedeflerden daha motive edicidir ♥️","text":"Aile olarak ortak bir hedefe ulaşmak 📝🫂","time":"1","isChecked":false,"who":"Ailesini önemseyen, ailesiyle ortak bir geleceğe bağlı olan, ailesinin geleceği üzerine sorumluluk alan biri 👨‍👩‍👧‍👦"},{"date":"2023-06-20T22:12:40Z","isHighlighted":false,"isExpanded":false,"reason":"GitHub\u0027da Anahtar açık kaynak topluluğunun bir parçası olmak, işleri kolaylaştırmak ve verimli hale getirmek, dünyaya insanların saf iyilik inşa etmek için birleşebileceğini göstermek için 👊","text":"GitHub\u0027da Anahtar için yeni özellikler/düzeltmeler içeren ilk çekme isteğini göndermek 🧑‍💻","time":"5","isChecked":false,"who":"Takımdan biri, zeki biri, kod yazmayı bilen biri, hacker biri 😆👾"},{"date":"2023-06-20T20:51:35Z","isHighlighted":true,"isExpanded":true,"reason":"Önce kendimi fethetmek, sonra hayatımı, sonra dünyayı 🌎","text":"Hayatımı Jim Rohn\u0027un metodolojisine göre dizginlemek 🌱","time":"1","isChecked":true,"who":"Adanmış, farkında, disiplinli ve çekirdekte canlı olan biri 🔥"}]