[{"date":"2023-06-21T00:24:59Z","isHighlighted":true,"isExpanded":false,"text":"Hedefleriniz\n(S)pesifik,\n(M)etrik,\n(A)şılabilir,\n(R)elevant,\n(T)ime-bound,\nyani S-M-A-R-T olmalı 🧠🎯"},{"date":"2023-06-20T23:15:45Z","isHighlighted":false,"isExpanded":false,"text":"Her hedef başarıldığında, yeni bir hedef ekleyin ➕🎯"},{"date":"2023-06-20T23:16:04Z","isHighlighted":false,"isExpanded":false,"text":"Başarılan önemli hedefleri kişisel anlamda kutlayın 🎉🎊"},{"date":"2023-06-20T23:17:26Z","isHighlighted":false,"isExpanded":false,"text":"Aile hedefi ise aileyle, arkadaş hedefi ise arkadaşlarla, sevgili hedefi ise sevgiliyle kutlayın 🎉🎊🫂👥♥️"},{"date":"2023-06-20T23:21:43Z","isHighlighted":false,"isExpanded":false,"text":"Aile gibi hedefler varsa, aile veya arkadaş da listeye tıklamalı ✔️📝🫂👥♥️"},{"date":"2023-06-20T23:23:36Z","isHighlighted":false,"isExpanded":false,"text":"Aile, arkadaş veya sevgiliyle anlaşarak listeyi genişletin 📝🫂👥♥️"},{"date":"2023-06-20T23:25:14Z","isHighlighted":false,"isExpanded":false,"text":"Bunu hayatınızda kalıcı kılmanın en kısa yolu başkalarına öğretmektir 🧑‍🏫"},{"date":"2023-06-20T23:25:59Z","isHighlighted":false,"isExpanded":false,"text":"Listeleri devam ettirin, büyümeye devam edin 🌱"},{"date":"2023-06-20T23:26:53Z","isHighlighted":false,"isExpanded":false,"text":"Nedenler güçlendikçe nasıl yapılacağı kolaylaşır ⁉️"},{"date":"2023-06-20T23:27:53Z","isHighlighted":false,"isExpanded":false,"text":"Nedenler cansız nesnelerden daha güçlüdür ❗🏎️🏡"},{"date":"2023-06-20T23:30:52Z","isHighlighted":false,"isExpanded":false,"text":"Hedeflerden bazıları kişisel gelişime ve olmak istediğiniz kişiye odaklanmalıdır 🧑‍🎓🧑‍💼👔"},{"date":"2023-06-20T23:31:48Z","isHighlighted":false,"isExpanded":false,"text":"Sizi değerli kılan sahip olduğunuz nesneler değil, kim olmayı başardığınızdır 🥇💯🏅🏆 \u003e 🏡🏎️"},{"date":"2023-06-20T23:37:14Z","isHighlighted":false,"isExpanded":false,"text":"Hedeflerinizde başarı, sizi o kişiye daha yakınlaştıracak. O kişiye yakınlaşmak da hedeflerinizde başarı sağlayacak. Tekrar tekrar... Bu, zirveye götüren kısır döngüdür ♾️🧑‍🎓🧑‍💼👔"},{"date":"2023-06-20T23:39:41Z","isHighlighted":false,"isExpanded":false,"text":"Fırsatlar, kendisine çekici gelmeyene reddeder 😎🏆🏅💯🥇"},{"date":"2023-06-20T23:41:04Z","isHighlighted":false,"isExpanded":false,"text":"Ben bekleyen ve kapıyı çalanım. (İsa) 💥🚪🏆"},{"date":"2023-06-20T23:43:53Z","isHighlighted":false,"isExpanded":false,"text":"Anahtar, aklınızı kağıda dökmektir. Her şeyi listelere koyabilmektir. Kağıt resmileştirir. Bilgi kağıtla fikre, fikir de otel, iş ve kariyere dönüşür 📝💡🏨"},{"date":"2023-06-20T23:47:07Z","isHighlighted":false,"isExpanded":false,"text":"Hedefler, yapılmadan listeden çıkarılabilir. 100 hedeften 80'i yapıldıysa, geri kalan 20'si kimin umurunda? Listeye önemsiz bir şey bile koymaktan çekinmeyin, zaten çıkarılabilir 🗑️"},{"date":"2023-06-20T23:47:48Z","isHighlighted":false,"isExpanded":false,"text":"Olumlunun kullanılması gereken anahtar kelime bakmaktır. Olanaklara bakın. Fırsatlara bakın. Geleceğinize bakın! Yükselen güneşe, yükselen güne bakın! Hayatınızın arkadaşı olacak kişiyle tanışacağınız olasılığına bakın! Başaracağınız olasılığına bakın! BAKIN! 🧗"},{"date":"2023-06-20T23:51:50Z","isHighlighted":false,"isExpanded":false,"text":"Olumsuzun kullanılması gereken anahtar kelime dikkat etmektir. İstediğiniz şeye giderken kim olacağınıza dikkat edin, ruhunuzu şeytana satmayın. Tehlikelere dikkat edin. Takıntınıza dikkat edin. Kendi beyninize ve bedeninize dikkat edin! DİKKAT EDİN! ⚠️"},{"date":"2023-06-21T00:06:57Z","isHighlighted":false,"isExpanded":false,"text":"Bağlılıklarınız size yüksek bir bedel ödetmesine izin vermeyin. Takıntılar ana nedenlerden uzaklaştırır, arkadaşlıkları bitirir. Öyle çok değer verdiğiniz bir şeye bile takıntılı olmayın. Takıntı hayatın katilidir ☠️😬"},{"date":"2023-06-21T00:08:22Z","isHighlighted":false,"isExpanded":false,"text":"Mutluluğun en büyük yıkıcı nedeni öz benliğin uzaklığıdır 🥈"},{"date":"2023-06-21T00:09:51Z","isHighlighted":false,"isExpanded":false,"text":"Bizi mutsuz eden şeyler dışarıda değil, içeridedir 😩👻"},{"date":"2023-06-21T00:11:18Z","isHighlighted":false,"isExpanded":false,"text":"Mutluluğa giden adım inşa etmektir 🏗️\nMutsuzluğa giden adım yıkmaktır 💣"},{"date":"2023-06-21T00:12:15Z","isHighlighted":false,"isExpanded":false,"text":"Hepimiz biraz umursamalıyız, ama hayatımızın yıkımı olacak kadar değil 💣💥"},{"date":"2023-06-21T00:13:12Z","isHighlighted":false,"isExpanded":false,"text":"Nefreti gereksiz yere kullanmayın. Gerçekten nefret edilecek kötü şeyler için saklayın. İşinizden nefret etmeyin 🧑‍💼🤬😈"},{"date":"2023-06-21T00:14:59Z","isHighlighted":false,"isExpanded":false,"text":"Eşinize veya çocuklarınıza verebileceğiniz en büyük hediye kişisel gelişiminizdir. Fedakarlık küçümsemeye yol açar, gelişim fedakarlık ihtiyacını önler ve saygı uyandırır. Uçaklarda oksijensiz kaldığınızda, önce kendi maskenizi takın, sonra çocuğunuzun maskesini takın diyor. Çocuğunuz için önce kendinizi geliştirmelisiniz 🫂👨‍👩‍👧‍👦👶🏆"},{"date":"2023-06-21T00:17:04Z","isHighlighted":false,"isExpanded":false,"text":"Zor kararlarınızda acıyı kabul edin, ama suçluluk duymayın! 🤕😔"}]