[{"date":"2023-06-21T16:58:38Z","isHighlighted":false,"isExpanded":false,"text":"I can touch the + button at the bottom right corner of the screen to add more items to my lists."},{"date":"2023-06-21T16:59:27Z","isHighlighted":false,"isExpanded":false,"text":"I can use the drawer menu by touching three lines at the top left corner of the screen to see and manage my lists."},{"date":"2023-06-21T17:01:14Z","isHighlighted":false,"isExpanded":false,"text":"I can use the collapse button(an arrow pointing down) at the right of a list item to see the details of a list item and use the Edit and the Delete buttons to manage my list item."},{"date":"2023-06-21T17:04:08Z","isHighlighted":false,"isExpanded":false,"text":"I can use the + button at the top right corner of the drawer menu(three horizontal lines at the top left corner of the screen) to create new lists."},{"date":"2023-06-21T17:06:30Z","isHighlighted":false,"isExpanded":false,"text":"I can see the features and statistics of a list using the collapse button(an arrow pointing down) at the right of a list name at the drawer menu(three horizontal lines at the top left corner of the screen)."},{"date":"2023-06-21T17:10:25Z","isHighlighted":false,"isExpanded":false,"text":"I can long touch to a list item to highlight it and to move it to the top of the list. (Priority Highlight feature for the list is required.)"},{"date":"2023-06-21T17:12:47Z","isHighlighted":false,"isExpanded":false,"text":"I can check or uncheck a list item by using checkbox at the left of a list item. (Achievable feature for the list is required.)"},{"date":"2023-06-21T17:14:46Z","isHighlighted":false,"isExpanded":false,"text":"Timeable feature of a list stands for setting time of a list item when adding or editing a list item."},{"date":"2023-06-21T17:16:18Z","isHighlighted":false,"isExpanded":false,"text":"Reasonable feature of a list stands for setting motives(why) of a list item when adding or editing a list item."},{"date":"2023-06-21T17:18:14Z","isHighlighted":false,"isExpanded":false,"text":"Becomeable feature of a list stands for setting who to become(who) of a list item to achieve the list item, when adding or editing a list item."},{"date":"2023-06-21T17:20:47Z","isHighlighted":false,"isExpanded":false,"text":"Automatic backups made daily to the .thekey folder in the storage. (backup.zip) Backup.zip file also contains old backup.zip files recursively and historically. I can use the backups to save my lists, to share my lists or to undo to a custom backup at a certain date by unzipping json files to my .thekey folder in the storage."}]