[{"date":"2023-06-20T21:54:05Z","isHighlighted":false,"isExpanded":false,"reason":"To save lives, to spread light, to become a hero 🦸","text":"Teaching Jim Rohn\u0027s methodology to at least 3 people ☀️","time":"1","isChecked":false,"who":"Someone who cares, who helps, who loves unconditionally ♥️"},{"date":"2023-06-20T22:01:22Z","isHighlighted":false,"isExpanded":false,"reason":"To thank us, to help others to find The Key easily 🗝️","text":"Rating the app 🤗","time":"1","isChecked":false,"who":"Someone grateful, someone who is a part of the change 🌄"},{"date":"2023-06-21T00:33:59Z","isHighlighted":false,"isExpanded":false,"reason":"Because inner strength comes from love and infinite love comes from the family, family goals create family happiness, also family goals more motivative than personal goals ♥️","text":"Achieving a common goal as a family 📝🫂","time":"1","isChecked":false,"who":"Someone cares his/her family, someone bound with common future to the family, someone takes responsibility over the family\u0027s future 👨‍👩‍👧‍👦"},{"date":"2023-06-20T22:12:40Z","isHighlighted":false,"isExpanded":false,"reason":"To be a part of the The Key open source community on GitHub, to make things easier and productive, to show the World that people can unite to build pure goodness 👊","text":"Sending first pull request with new features/fixes for The Key on GitHub 🧑‍💻","time":"5","isChecked":false,"who":"Someone from the team, someone smart, someone knows how to code, someone hacker 😆👾"},{"date":"2023-06-20T20:51:35Z","isHighlighted":true,"isExpanded":true,"reason":"To conquer myself, then my life, then the World 🌎","text":"Putting my life to line with Jim Rohn\u0027s methodology 🌱","time":"1","isChecked":true,"who":"Someone dedicated, aware, disciplined and alive at the core 🔥"}]