[{"date":"2023-06-20T22:36:42Z","isHighlighted":true,"isExpanded":false,"text":"My goals and dreams 🎯"},{"date":"2023-06-20T22:37:36Z","isHighlighted":false,"isExpanded":false,"text":"Night sleep 😴"},{"date":"2023-06-20T22:37:53Z","isHighlighted":false,"isExpanded":false,"text":"Eating regularly 😋"},{"date":"2023-06-20T22:38:45Z","isHighlighted":false,"isExpanded":false,"text":"Money 🤑"},{"date":"2023-06-20T22:39:04Z","isHighlighted":false,"isExpanded":false,"text":"Going outdoors 🚶"},{"date":"2023-06-20T22:41:10Z","isHighlighted":false,"isExpanded":false,"text":"Nature and fascinating views 🌳🎑"},{"date":"2023-06-20T22:42:27Z","isHighlighted":false,"isExpanded":false,"text":"New places and new cities 🗼🌃"},{"date":"2023-06-20T22:43:03Z","isHighlighted":false,"isExpanded":false,"text":"New people, socially being active 🤝"},{"date":"2023-06-20T22:44:28Z","isHighlighted":false,"isExpanded":false,"text":"New discoveries and new ideas 💡"},{"date":"2023-06-20T22:45:36Z","isHighlighted":false,"isExpanded":false,"text":"Showeer 🚿"},{"date":"2023-06-20T22:45:53Z","isHighlighted":false,"isExpanded":false,"text":"Breath exercise 🫁🧠🌬️"},{"date":"2023-06-20T22:46:28Z","isHighlighted":false,"isExpanded":false,"text":"Meditation 🧘"},{"date":"2023-06-20T22:46:46Z","isHighlighted":false,"isExpanded":false,"text":"Working hard while listening rocky music 👊🧑‍🎤🧑‍💻"},{"date":"2023-06-20T22:49:16Z","isHighlighted":false,"isExpanded":false,"text":"Listening the relaxing musics of the heavens 😌🎶"},{"date":"2023-06-20T22:50:19Z","isHighlighted":false,"isExpanded":false,"text":"Spiritual feelings and thoughts ✨"},{"date":"2023-06-20T22:51:34Z","isHighlighted":false,"isExpanded":false,"text":"Order 🔢🛏️🧴"}]