[{"date":"2023-06-20T22:56:38Z","isHighlighted":true,"isExpanded":false,"text":"Immobility 🛌😑"},{"date":"2023-06-20T22:52:30Z","isHighlighted":false,"isExpanded":false,"text":"Daytime sleep 😫"},{"date":"2023-06-20T22:53:00Z","isHighlighted":false,"isExpanded":false,"text":"Irregular eating 🥴"},{"date":"2023-06-20T22:53:39Z","isHighlighted":false,"isExpanded":false,"text":"Being broke 💸"},{"date":"2023-06-20T22:54:10Z","isHighlighted":false,"isExpanded":false,"text":"Smoking 🚭"},{"date":"2023-06-20T22:54:21Z","isHighlighted":false,"isExpanded":false,"text":"Too much video games 🎮😵"},{"date":"2023-06-20T22:55:14Z","isHighlighted":false,"isExpanded":false,"text":"Adult content 🤪"},{"date":"2023-06-20T22:55:39Z","isHighlighted":false,"isExpanded":false,"text":"Too much alcohol 🍷🍺🤢"},{"date":"2023-06-20T22:57:40Z","isHighlighted":false,"isExpanded":false,"text":"Watching too much YouTube, movies and TV series 🎥😵"},{"date":"2023-06-20T22:58:49Z","isHighlighted":false,"isExpanded":false,"text":"Too much mobile app usage 📱🤳😵"},{"date":"2023-06-20T23:00:21Z","isHighlighted":false,"isExpanded":false,"text":"Reading too much e-mail, SMS etc. ✉️😵"},{"date":"2023-06-20T23:01:04Z","isHighlighted":false,"isExpanded":false,"text":"Doing unnecessary stuff to run from real things and fooling myself like It is necessary 🤪👉🧠"},{"date":"2023-06-20T23:05:07Z","isHighlighted":false,"isExpanded":false,"text":"All kinds of numbing actions and materials 🤡🥴"},{"date":"2023-06-20T23:08:11Z","isHighlighted":false,"isExpanded":false,"text":"Staying in the same room too much 🧱"},{"date":"2023-06-20T23:08:56Z","isHighlighted":false,"isExpanded":false,"text":"Mess 🚽🖇️📚😣"},{"date":"2023-06-20T23:11:09Z","isHighlighted":false,"isExpanded":false,"text":"Not finding what I\u0027m looking for where I\u0027m looking for it 🔍😣"},{"date":"2023-06-20T23:11:46Z","isHighlighted":false,"isExpanded":false,"text":"Obsession 🧠😬"},{"date":"2023-06-22T06:17:38Z","isHighlighted":false,"isExpanded":false,"text":"Thinking about a to-do or the difficulty of that to-do 🧠😵‍💫"},{"date":"2023-06-22T06:19:00Z","isHighlighted":false,"isExpanded":false,"text":"Overthinking 🧠🤯"}]