[{"date":"2023-06-21T00:24:59Z","isHighlighted":true,"isExpanded":false,"text":"Your goals should be\n(S)pecific,\n(M)easurable,\n(A)chievable,\n(R)elevant,\n(T)ime-bound,\nthat is S-M-A-R-T 🧠🎯"},{"date":"2023-06-20T23:15:45Z","isHighlighted":false,"isExpanded":false,"text":"For each goal accomplished, add a new goal ➕🎯"},{"date":"2023-06-20T23:16:04Z","isHighlighted":false,"isExpanded":false,"text":"Celebrate important goals in a personal sense that have been achieved 🎉🎊"},{"date":"2023-06-20T23:17:26Z","isHighlighted":false,"isExpanded":false,"text":"Celebrate with family if it\u0027s a family goal, with friends if it\u0027s about friends, with a lover if it\u0027s about a beloved 🎉🎊🫂👥♥️"},{"date":"2023-06-20T23:21:43Z","isHighlighted":false,"isExpanded":false,"text":"If there are goals such as familial, the family or friend should also click on the list ✔️📝🫂👥♥️"},{"date":"2023-06-20T23:23:36Z","isHighlighted":false,"isExpanded":false,"text":"Extend the list by agreeing with your family, friends or lover 📝🫂👥♥️"},{"date":"2023-06-20T23:25:14Z","isHighlighted":false,"isExpanded":false,"text":"The shortest way to make this permanent in your life is to teach it to others 🧑‍🏫"},{"date":"2023-06-20T23:25:59Z","isHighlighted":false,"isExpanded":false,"text":"Keep the lists going, keep growing 🌱"},{"date":"2023-06-20T23:26:53Z","isHighlighted":false,"isExpanded":false,"text":"If the causes become stronger, the how-to becomes easier ⁉️"},{"date":"2023-06-20T23:27:53Z","isHighlighted":false,"isExpanded":false,"text":"Causes are stronger than inanimate objects❗🏎️🏡"},{"date":"2023-06-20T23:30:52Z","isHighlighted":false,"isExpanded":false,"text":"Some goals should be focused on personal growth and the person you want to be 🧑‍🎓🧑‍💼👔"},{"date":"2023-06-20T23:31:48Z","isHighlighted":false,"isExpanded":false,"text":"What makes you valuable is not the objects you have, but who you manage to be🥇💯🏅🏆 \u003e 🏡🏎️"},{"date":"2023-06-20T23:37:14Z","isHighlighted":false,"isExpanded":false,"text":"Success in your goals will get you closer to that person. Getting close to that person will also give you success in your goals. Again and again... This is the vicious circle leading to the top ♾️🧑‍🎓🧑‍💼👔"},{"date":"2023-06-20T23:39:41Z","isHighlighted":false,"isExpanded":false,"text":"Opportunities reject who is unattractive to that opportunity 😎🏆🏅💯🥇"},{"date":"2023-06-20T23:41:04Z","isHighlighted":false,"isExpanded":false,"text":"I\u0027m the one who waits and knock. (Jesus) 💥🚪🏆"},{"date":"2023-06-20T23:43:53Z","isHighlighted":false,"isExpanded":false,"text":"The Key is to put your mind on paper. It\u0027s being able to put everything on lists. Paper formalizes. Knowledge turns into ideas with paper, and ideas turn into hotels, businesses, and careers 📝💡🏨"},{"date":"2023-06-20T23:47:07Z","isHighlighted":false,"isExpanded":false,"text":"Goals can be removed from the list without being made. If 80 of the 100 goals are done, who cares about the remaining 20? Don\u0027t hesitate to put even something unimportant on the list, as it can already be removed 🗑️"},{"date":"2023-06-20T23:47:48Z","isHighlighted":false,"isExpanded":false,"text":"The Key word to use for the positive is to behold. Behold to the possibilities. Behold to opportunities. Behold to your future! Behold to the rising sun, the rising day! Behold to the possibility that the person you are going to meet will be your friend for life! Behold to the possibility of succeeding! BEHOLD! 🧗"},{"date":"2023-06-20T23:51:50Z","isHighlighted":false,"isExpanded":false,"text":"The key word to use against the negative is beware. Beware of who you will be when you go for what you want, don\u0027t sell your soul to the devil. Beware of the dangers. Beware of your obsession. Beware of your own brain and body! BEWARE! ⚠️"},{"date":"2023-06-21T00:06:57Z","isHighlighted":false,"isExpanded":false,"text":"Don\u0027t let your attachments make you pay a high price. Obsessions distract from the main causes, end friendships. Don\u0027t even obsess over something you value so much. Obsession is the killer of life ☠️😬"},{"date":"2023-06-21T00:08:22Z","isHighlighted":false,"isExpanded":false,"text":"The biggest destructive cause of unhappiness is the distance of the original self 🥈"},{"date":"2023-06-21T00:09:51Z","isHighlighted":false,"isExpanded":false,"text":"The things that make us unhappy are not on the outside, they are on the inside 😩👻"},{"date":"2023-06-21T00:11:18Z","isHighlighted":false,"isExpanded":false,"text":"The step to happiness is construction 🏗️\nThe step to unhappiness is destruction 💣"},{"date":"2023-06-21T00:12:15Z","isHighlighted":false,"isExpanded":false,"text":"We should all care a little, but not so much that it will be the destruction of our lives 💣💥"},{"date":"2023-06-21T00:13:12Z","isHighlighted":false,"isExpanded":false,"text":"Don\u0027t use hate unnecessarily. Save for evil things to be truly hated. Don\u0027t hate your job 🧑‍💼🤬😈"},{"date":"2023-06-21T00:14:59Z","isHighlighted":false,"isExpanded":false,"text":"The greatest gift to your spouse or children is your personal development. Altruism leads to contempt, development prevents the need for sacrifice and breeds respect. When you are deprived of oxygen on airplanes, it says put on your own mask first and then your child\u0027s mask. For your child, you must first improve yourself 🫂👨‍👩‍👧‍👦👶🏆"},{"date":"2023-06-21T00:17:04Z","isHighlighted":false,"isExpanded":false,"text":"Accept the pain in your difficult decisions, but not the guilt! 🤕😔"}]