[{"date":"2023-06-21T16:58:38Z","isHighlighted":false,"isExpanded":false,"text":"Listelerime daha fazla öğe eklemek için ekranın sağ alt köşesindeki + düğmesine dokunabilirim."},{"date":"2023-06-21T16:59:27Z","isHighlighted":false,"isExpanded":false,"text":"Listelerimi görmek ve yönetmek için ekranın sol üst köşesindeki üç çizgiye dokunarak çekmece menüsünü kullanabilirim."},{"date":"2023-06-21T17:01:14Z","isHighlighted":false,"isExpanded":false,"text":"Bir liste öğesinin ayrıntılarını görmek ve liste öğemi Düzenle ve Sil düğmelerini kullanarak yönetmek için liste öğesinin sağında bulunan daraltma düğmesine (aşağıyı gösteren bir ok) dokunabilirim."},{"date":"2023-06-21T17:04:08Z","isHighlighted":false,"isExpanded":false,"text":"Yeni listeler oluşturmak için çekmece menüsünün (ekranın sol üst köşesindeki üç yatay çizgi) sağ üst köşesindeki + düğmesini kullanabilirim."},{"date":"2023-06-21T17:06:30Z","isHighlighted":false,"isExpanded":false,"text":"Bir listenin özelliklerini ve istatistiklerini görmek için çekmece menüsündeki (ekranın sol üst köşesindeki üç yatay çizgi) liste adının sağında bulunan daraltma düğmesine (aşağıyı gösteren bir ok) dokunabilirim."},{"date":"2023-06-21T17:10:25Z","isHighlighted":false,"isExpanded":false,"text":"Bir liste öğesine uzun dokunarak onu vurgulayabilir ve listeye en üste taşıyabilirim. (Liste için Öncelikli Vurgulama özelliği gereklidir.)"},{"date":"2023-06-21T17:12:47Z","isHighlighted":false,"isExpanded":false,"text":"Bir liste öğesini işaretlemek veya işaretini kaldırmak için liste öğesinin solundaki onay kutusunu kullanabilirim. (Liste için Başarılabilir özelliği gereklidir.)"},{"date":"2023-06-21T17:14:46Z","isHighlighted":false,"isExpanded":false,"text":"Liste için Zamanlanabilir özelliği, bir liste öğesi eklerken veya düzenlerken liste öğesinin zamanını ayarlamak anlamına gelir."},{"date":"2023-06-21T17:16:18Z","isHighlighted":false,"isExpanded":false,"text":"Liste için Makul özelliği, bir liste öğesi eklerken veya düzenlerken liste öğesinin nedenlerini (neden) ayarlamak anlamına gelir."},{"date":"2023-06-21T17:18:14Z","isHighlighted":false,"isExpanded":false,"text":"Liste için Olunabilir özelliği, bir liste öğesi eklerken veya düzenlerken liste öğesini başarmak için kim olunacağını (kim) ayarlamak anlamına gelir."},{"date":"2023-06-21T17:20:47Z","isHighlighted":false,"isExpanded":false,"text":"Depolamadaki .thekey klasörüne günlük olarak otomatik yedeklemeler yapılır. (backup.zip) Backup.zip dosyası ayrıca eski backup.zip dosyalarını da yinelemeli ve tarihsel olarak içerir. Yedeklemeleri listelerimi kaydetmek, paylaşmak veya depolamadaki .thekey klasörüme json dosyalarını çıkartarak belirli bir tarihteki bir yedeğe geri dönmek için kullanabilirim."}]