[{"date":"2023-06-20T22:56:38Z","isHighlighted":true,"isExpanded":false,"text":"Hareketsizlik 🛌😑"},{"date":"2023-06-20T22:52:30Z","isHighlighted":false,"isExpanded":false,"text":"Gündüz uykusu 😫"},{"date":"2023-06-20T22:53:00Z","isHighlighted":false,"isExpanded":false,"text":"Düzensiz yemek 🥴"},{"date":"2023-06-20T22:53:39Z","isHighlighted":false,"isExpanded":false,"text":"Parasız kalmak 💸"},{"date":"2023-06-20T22:54:10Z","isHighlighted":false,"isExpanded":false,"text":"Sigara içmek 🚭"},{"date":"2023-06-20T22:54:21Z","isHighlighted":false,"isExpanded":false,"text":"Fazla video oyunu oynamak 🎮😵"},{"date":"2023-06-20T22:55:14Z","isHighlighted":false,"isExpanded":false,"text":"Yetişkin içerik 🤪"},{"date":"2023-06-20T22:55:39Z","isHighlighted":false,"isExpanded":false,"text":"Fazla alkol almak 🍷🍺🤢"},{"date":"2023-06-20T22:57:40Z","isHighlighted":false,"isExpanded":false,"text":"Fazla YouTube, film ve dizi izlemek 🎥😵"},{"date":"2023-06-20T22:58:49Z","isHighlighted":false,"isExpanded":false,"text":"Fazla mobil uygulama kullanmak 📱🤳😵"},{"date":"2023-06-20T23:00:21Z","isHighlighted":false,"isExpanded":false,"text":"Fazla e-posta, SMS vb. okumak ✉️😵"},{"date":"2023-06-20T23:01:04Z","isHighlighted":false,"isExpanded":false,"text":"Gerçek şeylerden kaçmak için gereksiz işler yapmak ve kendimi bunun gerekli olduğuna inandırmak 🤪👉🧠"},{"date":"2023-06-20T23:05:07Z","isHighlighted":false,"isExpanded":false,"text":"Her türlü uyuşturucu eylem ve maddeler 🤡🥴"},{"date":"2023-06-20T23:08:11Z","isHighlighted":false,"isExpanded":false,"text":"Aynı odada fazla kalmak 🧱"},{"date":"2023-06-20T23:08:56Z","isHighlighted":false,"isExpanded":false,"text":"Dağınıklık 🚽🖇️📚😣"},{"date":"2023-06-20T23:11:09Z","isHighlighted":false,"isExpanded":false,"text":"Aradığım şeyi aradığım yerde bulamamak 🔍😣"},{"date":"2023-06-20T23:11:46Z","isHighlighted":false,"isExpanded":false,"text":"Takıntı 🧠😬"},{"date":"2023-06-22T06:09:17Z","isHighlighted":false,"isExpanded":false,"text":"Bir işi veya o işin zorluğunu düşünmek 🧠😵‍💫"},{"date":"2023-06-22T06:13:33Z","isHighlighted":false,"isExpanded":false,"text":"Aşırı düşünmek 🧠🤯"}]