[{"date":"2023-06-20T22:36:42Z","isHighlighted":true,"isExpanded":false,"text":"Hedeflerim ve hayallerim 🎯"},{"date":"2023-06-20T22:37:36Z","isHighlighted":false,"isExpanded":false,"text":"Gece uykusu 😴"},{"date":"2023-06-20T22:37:53Z","isHighlighted":false,"isExpanded":false,"text":"Düzenli yemek 😋"},{"date":"2023-06-20T22:38:45Z","isHighlighted":false,"isExpanded":false,"text":"Para 🤑"},{"date":"2023-06-20T22:39:04Z","isHighlighted":false,"isExpanded":false,"text":"Dışarı çıkmak 🚶"},{"date":"2023-06-20T22:41:10Z","isHighlighted":false,"isExpanded":false,"text":"Doğa ve büyüleyici manzaralar 🌳🎑"},{"date":"2023-06-20T22:42:27Z","isHighlighted":false,"isExpanded":false,"text":"Yeni yerler ve yeni şehirler 🗼🌃"},{"date":"2023-06-20T22:43:03Z","isHighlighted":false,"isExpanded":false,"text":"Yeni insanlar, sosyal olarak aktif olmak 🤝"},{"date":"2023-06-20T22:44:28Z","isHighlighted":false,"isExpanded":false,"text":"Yeni keşifler ve yeni fikirler 💡"},{"date":"2023-06-20T22:45:36Z","isHighlighted":false,"isExpanded":false,"text":"Duş almak 🚿"},{"date":"2023-06-20T22:45:53Z","isHighlighted":false,"isExpanded":false,"text":"Nefes egzersizi 🫁🧠🌬️"},{"date":"2023-06-20T22:46:28Z","isHighlighted":false,"isExpanded":false,"text":"Meditasyon yapmak 🧘"},{"date":"2023-06-20T22:46:46Z","isHighlighted":false,"isExpanded":false,"text":"Rock müzik dinleyerek sıkı çalışmak 👊🧑‍🎤🧑‍💻"},{"date":"2023-06-20T22:49:16Z","isHighlighted":false,"isExpanded":false,"text":"Cennetin rahatlatıcı müziklerini dinlemek 😌🎶"},{"date":"2023-06-20T22:50:19Z","isHighlighted":false,"isExpanded":false,"text":"Ruhani duygular ve düşünceler ✨"},{"date":"2023-06-20T22:51:34Z","isHighlighted":false,"isExpanded":false,"text":"Düzen 🔢🛏️🧴"}]